Title,Description
Physician,"Provide healthcare services, manage patient treatment, and maintain medical records."
Event Coordinator,"Ensure customer satisfaction in service environments, manage events, and oversee guest services."
PR Manager,"Create, analyze, and optimize marketing campaigns and brand engagement."
Paramedic,"Provide healthcare services, manage patient treatment, and maintain medical records."
Pharmacist,"Provide healthcare services, manage patient treatment, and maintain medical records."
Affiliate Manager,"Create, analyze, and optimize marketing campaigns and brand engagement."
Concierge,"Ensure customer satisfaction in service environments, manage events, and oversee guest services."
Hotel Manager,"Ensure customer satisfaction in service environments, manage events, and oversee guest services."
Copywriter,"Create, analyze, and optimize marketing campaigns and brand engagement."
Sous Chef,"Ensure customer satisfaction in service environments, manage events, and oversee guest services."
ML Engineer,"Develop, test, and maintain software applications, systems, and data solutions."
Principal,"Deliver educational content, guide students, and support academic institutions."
Principal,"Deliver educational content, guide students, and support academic institutions."
Paramedic,"Provide healthcare services, manage patient treatment, and maintain medical records."
Data Analyst,"Develop, test, and maintain software applications, systems, and data solutions."
Marketing Analyst,"Create, analyze, and optimize marketing campaigns and brand engagement."
Catering Manager,"Ensure customer satisfaction in service environments, manage events, and oversee guest services."
Radiologist,"Provide healthcare services, manage patient treatment, and maintain medical records."
Python Developer,"Develop, test, and maintain software applications, systems, and data solutions."
Full Stack Developer,"Develop, test, and maintain software applications, systems, and data solutions."
Risk Manager,"Analyze financial data, manage accounting records, and support strategic decision-making."
Data Scientist,"Develop, test, and maintain software applications, systems, and data solutions."
Principal,"Deliver educational content, guide students, and support academic institutions."
Chef,"Ensure customer satisfaction in service environments, manage events, and oversee guest services."
Medical Assistant,"Provide healthcare services, manage patient treatment, and maintain medical records."
Financial Analyst,"Analyze financial data, manage accounting records, and support strategic decision-making."
Financial Analyst,"Analyze financial data, manage accounting records, and support strategic decision-making."
Librarian,"Deliver educational content, guide students, and support academic institutions."
Finance Manager,"Analyze financial data, manage accounting records, and support strategic decision-making."
Brand Manager,"Create, analyze, and optimize marketing campaigns and brand engagement."
Event Coordinator,"Ensure customer satisfaction in service environments, manage events, and oversee guest services."
Instructional Designer,"Deliver educational content, guide students, and support academic institutions."
Radiologist,"Provide healthcare services, manage patient treatment, and maintain medical records."
Marketing Analyst,"Create, analyze, and optimize marketing campaigns and brand engagement."
Curriculum Developer,"Deliver educational content, guide students, and support academic institutions."
Affiliate Manager,"Create, analyze, and optimize marketing campaigns and brand engagement."
Housekeeper,"Ensure customer satisfaction in service environments, manage events, and oversee guest services."
Python Developer,"Develop, test, and maintain software applications, systems, and data solutions."
UI/UX Designer,"Develop, test, and maintain software applications, systems, and data solutions."
Instructional Designer,"Deliver educational content, guide students, and support academic institutions."
Medical Assistant,"Provide healthcare services, manage patient treatment, and maintain medical records."
Actuary,"Analyze financial data, manage accounting records, and support strategic decision-making."
Affiliate Manager,"Create, analyze, and optimize marketing campaigns and brand engagement."
Data Analyst,"Develop, test, and maintain software applications, systems, and data solutions."
Full Stack Developer,"Develop, test, and maintain software applications, systems, and data solutions."
Accountant,"Analyze financial data, manage accounting records, and support strategic decision-making."
Data Scientist,"Develop, test, and maintain software applications, systems, and data solutions."
Cybersecurity Analyst,"Develop, test, and maintain software applications, systems, and data solutions."
Researcher,"Deliver educational content, guide students, and support academic institutions."
Medical Assistant,"Provide healthcare services, manage patient treatment, and maintain medical records."
Full Stack Developer,"Develop, test, and maintain software applications, systems, and data solutions."
Principal,"Deliver educational content, guide students, and support academic institutions."
Content Writer,"Create, analyze, and optimize marketing campaigns and brand engagement."
Content Writer,"Create, analyze, and optimize marketing campaigns and brand engagement."
Frontend Developer,"Develop, test, and maintain software applications, systems, and data solutions."
Investment Banker,"Analyze financial data, manage accounting records, and support strategic decision-making."
Credit Analyst,"Analyze financial data, manage accounting records, and support strategic decision-making."
Travel Agent,"Ensure customer satisfaction in service environments, manage events, and oversee guest services."
Academic Advisor,"Deliver educational content, guide students, and support academic institutions."
Auditor,"Analyze financial data, manage accounting records, and support strategic decision-making."
Instructional Designer,"Deliver educational content, guide students, and support academic institutions."
Python Developer,"Develop, test, and maintain software applications, systems, and data solutions."
Catering Manager,"Ensure customer satisfaction in service environments, manage events, and oversee guest services."
Full Stack Developer,"Develop, test, and maintain software applications, systems, and data solutions."
Chef,"Ensure customer satisfaction in service environments, manage events, and oversee guest services."
Tutor,"Deliver educational content, guide students, and support academic institutions."
Cybersecurity Analyst,"Develop, test, and maintain software applications, systems, and data solutions."
Social Media Manager,"Create, analyze, and optimize marketing campaigns and brand engagement."
Nurse,"Provide healthcare services, manage patient treatment, and maintain medical records."
Marketing Analyst,"Create, analyze, and optimize marketing campaigns and brand engagement."
Physician,"Provide healthcare services, manage patient treatment, and maintain medical records."
Tax Consultant,"Analyze financial data, manage accounting records, and support strategic decision-making."
Lab Technician,"Provide healthcare services, manage patient treatment, and maintain medical records."
Frontend Developer,"Develop, test, and maintain software applications, systems, and data solutions."
Hotel Manager,"Ensure customer satisfaction in service environments, manage events, and oversee guest services."
ML Engineer,"Develop, test, and maintain software applications, systems, and data solutions."
Backend Developer,"Develop, test, and maintain software applications, systems, and data solutions."
Academic Advisor,"Deliver educational content, guide students, and support academic institutions."
ML Engineer,"Develop, test, and maintain software applications, systems, and data solutions."
Accountant,"Analyze financial data, manage accounting records, and support strategic decision-making."
Physiotherapist,"Provide healthcare services, manage patient treatment, and maintain medical records."
SEO Specialist,"Create, analyze, and optimize marketing campaigns and brand engagement."
Credit Analyst,"Analyze financial data, manage accounting records, and support strategic decision-making."
Concierge,"Ensure customer satisfaction in service environments, manage events, and oversee guest services."
DevOps Engineer,"Develop, test, and maintain software applications, systems, and data solutions."
Copywriter,"Create, analyze, and optimize marketing campaigns and brand engagement."
Event Coordinator,"Ensure customer satisfaction in service environments, manage events, and oversee guest services."
Teacher,"Deliver educational content, guide students, and support academic institutions."
Finance Manager,"Analyze financial data, manage accounting records, and support strategic decision-making."
Brand Manager,"Create, analyze, and optimize marketing campaigns and brand engagement."
Actuary,"Analyze financial data, manage accounting records, and support strategic decision-making."
Academic Advisor,"Deliver educational content, guide students, and support academic institutions."
Paramedic,"Provide healthcare services, manage patient treatment, and maintain medical records."
Librarian,"Deliver educational content, guide students, and support academic institutions."
Email Marketing Specialist,"Create, analyze, and optimize marketing campaigns and brand engagement."
Nurse,"Provide healthcare services, manage patient treatment, and maintain medical records."
Finance Manager,"Analyze financial data, manage accounting records, and support strategic decision-making."
PR Manager,"Create, analyze, and optimize marketing campaigns and brand engagement."
Data Scientist,"Develop, test, and maintain software applications, systems, and data solutions."
Housekeeper,"Ensure customer satisfaction in service environments, manage events, and oversee guest services."
Marketing Analyst,"Create, analyze, and optimize marketing campaigns and brand engagement."
Lab Technician,"Provide healthcare services, manage patient treatment, and maintain medical records."
Surgeon,"Provide healthcare services, manage patient treatment, and maintain medical records."
Data Scientist,"Develop, test, and maintain software applications, systems, and data solutions."
Frontend Developer,"Develop, test, and maintain software applications, systems, and data solutions."
DevOps Engineer,"Develop, test, and maintain software applications, systems, and data solutions."
Accountant,"Analyze financial data, manage accounting records, and support strategic decision-making."
Brand Manager,"Create, analyze, and optimize marketing campaigns and brand engagement."
UI/UX Designer,"Develop, test, and maintain software applications, systems, and data solutions."
Tax Consultant,"Analyze financial data, manage accounting records, and support strategic decision-making."
Paramedic,"Provide healthcare services, manage patient treatment, and maintain medical records."
Dean,"Deliver educational content, guide students, and support academic institutions."
Housekeeper,"Ensure customer satisfaction in service environments, manage events, and oversee guest services."
Pharmacist,"Provide healthcare services, manage patient treatment, and maintain medical records."
DevOps Engineer,"Develop, test, and maintain software applications, systems, and data solutions."
Librarian,"Deliver educational content, guide students, and support academic institutions."
Backend Developer,"Develop, test, and maintain software applications, systems, and data solutions."
Instructional Designer,"Deliver educational content, guide students, and support academic institutions."
Event Coordinator,"Ensure customer satisfaction in service environments, manage events, and oversee guest services."
Copywriter,"Create, analyze, and optimize marketing campaigns and brand engagement."
Data Scientist,"Develop, test, and maintain software applications, systems, and data solutions."
Tax Consultant,"Analyze financial data, manage accounting records, and support strategic decision-making."
Bartender,"Ensure customer satisfaction in service environments, manage events, and oversee guest services."
Instructional Designer,"Deliver educational content, guide students, and support academic institutions."
Backend Developer,"Develop, test, and maintain software applications, systems, and data solutions."
Credit Analyst,"Analyze financial data, manage accounting records, and support strategic decision-making."
Radiologist,"Provide healthcare services, manage patient treatment, and maintain medical records."
Finance Manager,"Analyze financial data, manage accounting records, and support strategic decision-making."
Hotel Manager,"Ensure customer satisfaction in service environments, manage events, and oversee guest services."
Hotel Manager,"Ensure customer satisfaction in service environments, manage events, and oversee guest services."
UI/UX Designer,"Develop, test, and maintain software applications, systems, and data solutions."
Principal,"Deliver educational content, guide students, and support academic institutions."
Dean,"Deliver educational content, guide students, and support academic institutions."
Principal,"Deliver educational content, guide students, and support academic institutions."
Surgeon,"Provide healthcare services, manage patient treatment, and maintain medical records."
Principal,"Deliver educational content, guide students, and support academic institutions."
Credit Analyst,"Analyze financial data, manage accounting records, and support strategic decision-making."
Cybersecurity Analyst,"Develop, test, and maintain software applications, systems, and data solutions."
Actuary,"Analyze financial data, manage accounting records, and support strategic decision-making."
Content Writer,"Create, analyze, and optimize marketing campaigns and brand engagement."
Housekeeper,"Ensure customer satisfaction in service environments, manage events, and oversee guest services."
Accountant,"Analyze financial data, manage accounting records, and support strategic decision-making."
Data Analyst,"Develop, test, and maintain software applications, systems, and data solutions."
Email Marketing Specialist,"Create, analyze, and optimize marketing campaigns and brand engagement."
Medical Assistant,"Provide healthcare services, manage patient treatment, and maintain medical records."
Lab Technician,"Provide healthcare services, manage patient treatment, and maintain medical records."
Budget Analyst,"Analyze financial data, manage accounting records, and support strategic decision-making."
Librarian,"Deliver educational content, guide students, and support academic institutions."
Full Stack Developer,"Develop, test, and maintain software applications, systems, and data solutions."
SEO Specialist,"Create, analyze, and optimize marketing campaigns and brand engagement."
Data Analyst,"Develop, test, and maintain software applications, systems, and data solutions."
Radiologist,"Provide healthcare services, manage patient treatment, and maintain medical records."
Auditor,"Analyze financial data, manage accounting records, and support strategic decision-making."
Data Scientist,"Develop, test, and maintain software applications, systems, and data solutions."
ML Engineer,"Develop, test, and maintain software applications, systems, and data solutions."
Investment Banker,"Analyze financial data, manage accounting records, and support strategic decision-making."
Affiliate Manager,"Create, analyze, and optimize marketing campaigns and brand engagement."
Curriculum Developer,"Deliver educational content, guide students, and support academic institutions."
Marketing Analyst,"Create, analyze, and optimize marketing campaigns and brand engagement."
Lab Technician,"Provide healthcare services, manage patient treatment, and maintain medical records."
Credit Analyst,"Analyze financial data, manage accounting records, and support strategic decision-making."
Lab Technician,"Provide healthcare services, manage patient treatment, and maintain medical records."
Marketing Analyst,"Create, analyze, and optimize marketing campaigns and brand engagement."
Backend Developer,"Develop, test, and maintain software applications, systems, and data solutions."
Physiotherapist,"Provide healthcare services, manage patient treatment, and maintain medical records."
Accountant,"Analyze financial data, manage accounting records, and support strategic decision-making."
Cybersecurity Analyst,"Develop, test, and maintain software applications, systems, and data solutions."
UI/UX Designer,"Develop, test, and maintain software applications, systems, and data solutions."
Copywriter,"Create, analyze, and optimize marketing campaigns and brand engagement."
Physiotherapist,"Provide healthcare services, manage patient treatment, and maintain medical records."
Frontend Developer,"Develop, test, and maintain software applications, systems, and data solutions."
Librarian,"Deliver educational content, guide students, and support academic institutions."
Cybersecurity Analyst,"Develop, test, and maintain software applications, systems, and data solutions."
Concierge,"Ensure customer satisfaction in service environments, manage events, and oversee guest services."
Hotel Manager,"Ensure customer satisfaction in service environments, manage events, and oversee guest services."
UI/UX Designer,"Develop, test, and maintain software applications, systems, and data solutions."
Backend Developer,"Develop, test, and maintain software applications, systems, and data solutions."
Tutor,"Deliver educational content, guide students, and support academic institutions."
Principal,"Deliver educational content, guide students, and support academic institutions."
Budget Analyst,"Analyze financial data, manage accounting records, and support strategic decision-making."
Catering Manager,"Ensure customer satisfaction in service environments, manage events, and oversee guest services."
Academic Advisor,"Deliver educational content, guide students, and support academic institutions."
Sous Chef,"Ensure customer satisfaction in service environments, manage events, and oversee guest services."
Finance Manager,"Analyze financial data, manage accounting records, and support strategic decision-making."
Credit Analyst,"Analyze financial data, manage accounting records, and support strategic decision-making."
Actuary,"Analyze financial data, manage accounting records, and support strategic decision-making."
Dentist,"Provide healthcare services, manage patient treatment, and maintain medical records."
Backend Developer,"Develop, test, and maintain software applications, systems, and data solutions."
Credit Analyst,"Analyze financial data, manage accounting records, and support strategic decision-making."
Nurse,"Provide healthcare services, manage patient treatment, and maintain medical records."
Finance Manager,"Analyze financial data, manage accounting records, and support strategic decision-making."
UI/UX Designer,"Develop, test, and maintain software applications, systems, and data solutions."
Data Analyst,"Develop, test, and maintain software applications, systems, and data solutions."
Academic Advisor,"Deliver educational content, guide students, and support academic institutions."
Dean,"Deliver educational content, guide students, and support academic institutions."
Cybersecurity Analyst,"Develop, test, and maintain software applications, systems, and data solutions."
Concierge,"Ensure customer satisfaction in service environments, manage events, and oversee guest services."
Email Marketing Specialist,"Create, analyze, and optimize marketing campaigns and brand engagement."
Curriculum Developer,"Deliver educational content, guide students, and support academic institutions."
PR Manager,"Create, analyze, and optimize marketing campaigns and brand engagement."
Sous Chef,"Ensure customer satisfaction in service environments, manage events, and oversee guest services."
Bartender,"Ensure customer satisfaction in service environments, manage events, and oversee guest services."
Event Coordinator,"Ensure customer satisfaction in service environments, manage events, and oversee guest services."
Travel Agent,"Ensure customer satisfaction in service environments, manage events, and oversee guest services."
ML Engineer,"Develop, test, and maintain software applications, systems, and data solutions."
Tutor,"Deliver educational content, guide students, and support academic institutions."
Risk Manager,"Analyze financial data, manage accounting records, and support strategic decision-making."
Dean,"Deliver educational content, guide students, and support academic institutions."
Auditor,"Analyze financial data, manage accounting records, and support strategic decision-making."
Python Developer,"Develop, test, and maintain software applications, systems, and data solutions."
Tutor,"Deliver educational content, guide students, and support academic institutions."
Digital Marketer,"Create, analyze, and optimize marketing campaigns and brand engagement."
Tutor,"Deliver educational content, guide students, and support academic institutions."
Data Analyst,"Develop, test, and maintain software applications, systems, and data solutions."
Physiotherapist,"Provide healthcare services, manage patient treatment, and maintain medical records."
Nurse,"Provide healthcare services, manage patient treatment, and maintain medical records."
Digital Marketer,"Create, analyze, and optimize marketing campaigns and brand engagement."
Bartender,"Ensure customer satisfaction in service environments, manage events, and oversee guest services."
Surgeon,"Provide healthcare services, manage patient treatment, and maintain medical records."
Physiotherapist,"Provide healthcare services, manage patient treatment, and maintain medical records."
Digital Marketer,"Create, analyze, and optimize marketing campaigns and brand engagement."
Financial Analyst,"Analyze financial data, manage accounting records, and support strategic decision-making."
Paramedic,"Provide healthcare services, manage patient treatment, and maintain medical records."
Nurse,"Provide healthcare services, manage patient treatment, and maintain medical records."
Data Analyst,"Develop, test, and maintain software applications, systems, and data solutions."
Content Writer,"Create, analyze, and optimize marketing campaigns and brand engagement."
Digital Marketer,"Create, analyze, and optimize marketing campaigns and brand engagement."
Physician,"Provide healthcare services, manage patient treatment, and maintain medical records."
Physiotherapist,"Provide healthcare services, manage patient treatment, and maintain medical records."
Dentist,"Provide healthcare services, manage patient treatment, and maintain medical records."
Nurse,"Provide healthcare services, manage patient treatment, and maintain medical records."
Instructional Designer,"Deliver educational content, guide students, and support academic institutions."
Digital Marketer,"Create, analyze, and optimize marketing campaigns and brand engagement."
Risk Manager,"Analyze financial data, manage accounting records, and support strategic decision-making."
Surgeon,"Provide healthcare services, manage patient treatment, and maintain medical records."
Surgeon,"Provide healthcare services, manage patient treatment, and maintain medical records."
Researcher,"Deliver educational content, guide students, and support academic institutions."
Credit Analyst,"Analyze financial data, manage accounting records, and support strategic decision-making."
Medical Assistant,"Provide healthcare services, manage patient treatment, and maintain medical records."
Copywriter,"Create, analyze, and optimize marketing campaigns and brand engagement."
Tax Consultant,"Analyze financial data, manage accounting records, and support strategic decision-making."
Credit Analyst,"Analyze financial data, manage accounting records, and support strategic decision-making."
Accountant,"Analyze financial data, manage accounting records, and support strategic decision-making."
PR Manager,"Create, analyze, and optimize marketing campaigns and brand engagement."
Hotel Manager,"Ensure customer satisfaction in service environments, manage events, and oversee guest services."
Risk Manager,"Analyze financial data, manage accounting records, and support strategic decision-making."
Data Scientist,"Develop, test, and maintain software applications, systems, and data solutions."
Teacher,"Deliver educational content, guide students, and support academic institutions."
Budget Analyst,"Analyze financial data, manage accounting records, and support strategic decision-making."
Principal,"Deliver educational content, guide students, and support academic institutions."
Pharmacist,"Provide healthcare services, manage patient treatment, and maintain medical records."
Email Marketing Specialist,"Create, analyze, and optimize marketing campaigns and brand engagement."
Paramedic,"Provide healthcare services, manage patient treatment, and maintain medical records."
Risk Manager,"Analyze financial data, manage accounting records, and support strategic decision-making."
Social Media Manager,"Create, analyze, and optimize marketing campaigns and brand engagement."
Frontend Developer,"Develop, test, and maintain software applications, systems, and data solutions."
Email Marketing Specialist,"Create, analyze, and optimize marketing campaigns and brand engagement."
Paramedic,"Provide healthcare services, manage patient treatment, and maintain medical records."
ML Engineer,"Develop, test, and maintain software applications, systems, and data solutions."
PR Manager,"Create, analyze, and optimize marketing campaigns and brand engagement."
Tutor,"Deliver educational content, guide students, and support academic institutions."
Tutor,"Deliver educational content, guide students, and support academic institutions."
Physiotherapist,"Provide healthcare services, manage patient treatment, and maintain medical records."
Paramedic,"Provide healthcare services, manage patient treatment, and maintain medical records."
Marketing Analyst,"Create, analyze, and optimize marketing campaigns and brand engagement."
Investment Banker,"Analyze financial data, manage accounting records, and support strategic decision-making."
SEO Specialist,"Create, analyze, and optimize marketing campaigns and brand engagement."
Concierge,"Ensure customer satisfaction in service environments, manage events, and oversee guest services."
Data Analyst,"Develop, test, and maintain software applications, systems, and data solutions."
Full Stack Developer,"Develop, test, and maintain software applications, systems, and data solutions."
Investment Banker,"Analyze financial data, manage accounting records, and support strategic decision-making."
Concierge,"Ensure customer satisfaction in service environments, manage events, and oversee guest services."
Researcher,"Deliver educational content, guide students, and support academic institutions."
Marketing Analyst,"Create, analyze, and optimize marketing campaigns and brand engagement."
Digital Marketer,"Create, analyze, and optimize marketing campaigns and brand engagement."
Nurse,"Provide healthcare services, manage patient treatment, and maintain medical records."
Risk Manager,"Analyze financial data, manage accounting records, and support strategic decision-making."
Hotel Manager,"Ensure customer satisfaction in service environments, manage events, and oversee guest services."
Instructional Designer,"Deliver educational content, guide students, and support academic institutions."
Accountant,"Analyze financial data, manage accounting records, and support strategic decision-making."
Tutor,"Deliver educational content, guide students, and support academic institutions."
Copywriter,"Create, analyze, and optimize marketing campaigns and brand engagement."
Tutor,"Deliver educational content, guide students, and support academic institutions."
ML Engineer,"Develop, test, and maintain software applications, systems, and data solutions."
Budget Analyst,"Analyze financial data, manage accounting records, and support strategic decision-making."
UI/UX Designer,"Develop, test, and maintain software applications, systems, and data solutions."
Finance Manager,"Analyze financial data, manage accounting records, and support strategic decision-making."
Teacher,"Deliver educational content, guide students, and support academic institutions."
Social Media Manager,"Create, analyze, and optimize marketing campaigns and brand engagement."
Risk Manager,"Analyze financial data, manage accounting records, and support strategic decision-making."
Email Marketing Specialist,"Create, analyze, and optimize marketing campaigns and brand engagement."
Dean,"Deliver educational content, guide students, and support academic institutions."
Dentist,"Provide healthcare services, manage patient treatment, and maintain medical records."
Hotel Manager,"Ensure customer satisfaction in service environments, manage events, and oversee guest services."
Concierge,"Ensure customer satisfaction in service environments, manage events, and oversee guest services."
DevOps Engineer,"Develop, test, and maintain software applications, systems, and data solutions."
Cybersecurity Analyst,"Develop, test, and maintain software applications, systems, and data solutions."
Auditor,"Analyze financial data, manage accounting records, and support strategic decision-making."
Financial Analyst,"Analyze financial data, manage accounting records, and support strategic decision-making."
Hotel Manager,"Ensure customer satisfaction in service environments, manage events, and oversee guest services."
Risk Manager,"Analyze financial data, manage accounting records, and support strategic decision-making."
Backend Developer,"Develop, test, and maintain software applications, systems, and data solutions."
Instructional Designer,"Deliver educational content, guide students, and support academic institutions."
Python Developer,"Develop, test, and maintain software applications, systems, and data solutions."
Bartender,"Ensure customer satisfaction in service environments, manage events, and oversee guest services."
Content Writer,"Create, analyze, and optimize marketing campaigns and brand engagement."
Academic Advisor,"Deliver educational content, guide students, and support academic institutions."
Bartender,"Ensure customer satisfaction in service environments, manage events, and oversee guest services."
Hotel Manager,"Ensure customer satisfaction in service environments, manage events, and oversee guest services."
Teacher,"Deliver educational content, guide students, and support academic institutions."
Finance Manager,"Analyze financial data, manage accounting records, and support strategic decision-making."
Marketing Analyst,"Create, analyze, and optimize marketing campaigns and brand engagement."
Professor,"Deliver educational content, guide students, and support academic institutions."
Housekeeper,"Ensure customer satisfaction in service environments, manage events, and oversee guest services."
Academic Advisor,"Deliver educational content, guide students, and support academic institutions."
Content Writer,"Create, analyze, and optimize marketing campaigns and brand engagement."
Accountant,"Analyze financial data, manage accounting records, and support strategic decision-making."
Dentist,"Provide healthcare services, manage patient treatment, and maintain medical records."
Instructional Designer,"Deliver educational content, guide students, and support academic institutions."
Paramedic,"Provide healthcare services, manage patient treatment, and maintain medical records."
Concierge,"Ensure customer satisfaction in service environments, manage events, and oversee guest services."
Copywriter,"Create, analyze, and optimize marketing campaigns and brand engagement."
Physiotherapist,"Provide healthcare services, manage patient treatment, and maintain medical records."
UI/UX Designer,"Develop, test, and maintain software applications, systems, and data solutions."
UI/UX Designer,"Develop, test, and maintain software applications, systems, and data solutions."
Copywriter,"Create, analyze, and optimize marketing campaigns and brand engagement."
Chef,"Ensure customer satisfaction in service environments, manage events, and oversee guest services."
Marketing Analyst,"Create, analyze, and optimize marketing campaigns and brand engagement."
Full Stack Developer,"Develop, test, and maintain software applications, systems, and data solutions."
Data Analyst,"Develop, test, and maintain software applications, systems, and data solutions."
Event Coordinator,"Ensure customer satisfaction in service environments, manage events, and oversee guest services."
Physiotherapist,"Provide healthcare services, manage patient treatment, and maintain medical records."
Accountant,"Analyze financial data, manage accounting records, and support strategic decision-making."
Paramedic,"Provide healthcare services, manage patient treatment, and maintain medical records."
Backend Developer,"Develop, test, and maintain software applications, systems, and data solutions."
Nurse,"Provide healthcare services, manage patient treatment, and maintain medical records."
Email Marketing Specialist,"Create, analyze, and optimize marketing campaigns and brand engagement."
Librarian,"Deliver educational content, guide students, and support academic institutions."
Content Writer,"Create, analyze, and optimize marketing campaigns and brand engagement."
Lab Technician,"Provide healthcare services, manage patient treatment, and maintain medical records."
Dentist,"Provide healthcare services, manage patient treatment, and maintain medical records."
Event Coordinator,"Ensure customer satisfaction in service environments, manage events, and oversee guest services."
Credit Analyst,"Analyze financial data, manage accounting records, and support strategic decision-making."
Principal,"Deliver educational content, guide students, and support academic institutions."
Financial Analyst,"Analyze financial data, manage accounting records, and support strategic decision-making."
Python Developer,"Develop, test, and maintain software applications, systems, and data solutions."
Dean,"Deliver educational content, guide students, and support academic institutions."
UI/UX Designer,"Develop, test, and maintain software applications, systems, and data solutions."
Concierge,"Ensure customer satisfaction in service environments, manage events, and oversee guest services."
Principal,"Deliver educational content, guide students, and support academic institutions."
Teacher,"Deliver educational content, guide students, and support academic institutions."
Travel Agent,"Ensure customer satisfaction in service environments, manage events, and oversee guest services."
Sous Chef,"Ensure customer satisfaction in service environments, manage events, and oversee guest services."
Finance Manager,"Analyze financial data, manage accounting records, and support strategic decision-making."
Curriculum Developer,"Deliver educational content, guide students, and support academic institutions."
Brand Manager,"Create, analyze, and optimize marketing campaigns and brand engagement."
Event Coordinator,"Ensure customer satisfaction in service environments, manage events, and oversee guest services."
Event Coordinator,"Ensure customer satisfaction in service environments, manage events, and oversee guest services."
Sous Chef,"Ensure customer satisfaction in service environments, manage events, and oversee guest services."
Physiotherapist,"Provide healthcare services, manage patient treatment, and maintain medical records."
Finance Manager,"Analyze financial data, manage accounting records, and support strategic decision-making."
Accountant,"Analyze financial data, manage accounting records, and support strategic decision-making."
Librarian,"Deliver educational content, guide students, and support academic institutions."
Teacher,"Deliver educational content, guide students, and support academic institutions."
Teacher,"Deliver educational content, guide students, and support academic institutions."
Medical Assistant,"Provide healthcare services, manage patient treatment, and maintain medical records."
Backend Developer,"Develop, test, and maintain software applications, systems, and data solutions."
Medical Assistant,"Provide healthcare services, manage patient treatment, and maintain medical records."
DevOps Engineer,"Develop, test, and maintain software applications, systems, and data solutions."
Content Writer,"Create, analyze, and optimize marketing campaigns and brand engagement."
Python Developer,"Develop, test, and maintain software applications, systems, and data solutions."
Academic Advisor,"Deliver educational content, guide students, and support academic institutions."
Auditor,"Analyze financial data, manage accounting records, and support strategic decision-making."
Brand Manager,"Create, analyze, and optimize marketing campaigns and brand engagement."
Principal,"Deliver educational content, guide students, and support academic institutions."
SEO Specialist,"Create, analyze, and optimize marketing campaigns and brand engagement."
Teacher,"Deliver educational content, guide students, and support academic institutions."
UI/UX Designer,"Develop, test, and maintain software applications, systems, and data solutions."
Pharmacist,"Provide healthcare services, manage patient treatment, and maintain medical records."
Risk Manager,"Analyze financial data, manage accounting records, and support strategic decision-making."
Principal,"Deliver educational content, guide students, and support academic institutions."
Email Marketing Specialist,"Create, analyze, and optimize marketing campaigns and brand engagement."
Chef,"Ensure customer satisfaction in service environments, manage events, and oversee guest services."
Academic Advisor,"Deliver educational content, guide students, and support academic institutions."
Physician,"Provide healthcare services, manage patient treatment, and maintain medical records."
Risk Manager,"Analyze financial data, manage accounting records, and support strategic decision-making."
Actuary,"Analyze financial data, manage accounting records, and support strategic decision-making."
Chef,"Ensure customer satisfaction in service environments, manage events, and oversee guest services."
UI/UX Designer,"Develop, test, and maintain software applications, systems, and data solutions."
Tax Consultant,"Analyze financial data, manage accounting records, and support strategic decision-making."
Event Coordinator,"Ensure customer satisfaction in service environments, manage events, and oversee guest services."
Receptionist,"Ensure customer satisfaction in service environments, manage events, and oversee guest services."
Radiologist,"Provide healthcare services, manage patient treatment, and maintain medical records."
Paramedic,"Provide healthcare services, manage patient treatment, and maintain medical records."
Content Writer,"Create, analyze, and optimize marketing campaigns and brand engagement."
Copywriter,"Create, analyze, and optimize marketing campaigns and brand engagement."
Copywriter,"Create, analyze, and optimize marketing campaigns and brand engagement."
Accountant,"Analyze financial data, manage accounting records, and support strategic decision-making."
Catering Manager,"Ensure customer satisfaction in service environments, manage events, and oversee guest services."
Physiotherapist,"Provide healthcare services, manage patient treatment, and maintain medical records."
Lab Technician,"Provide healthcare services, manage patient treatment, and maintain medical records."
UI/UX Designer,"Develop, test, and maintain software applications, systems, and data solutions."
Professor,"Deliver educational content, guide students, and support academic institutions."
Physiotherapist,"Provide healthcare services, manage patient treatment, and maintain medical records."
Frontend Developer,"Develop, test, and maintain software applications, systems, and data solutions."
Data Analyst,"Develop, test, and maintain software applications, systems, and data solutions."
Curriculum Developer,"Deliver educational content, guide students, and support academic institutions."
Credit Analyst,"Analyze financial data, manage accounting records, and support strategic decision-making."
Marketing Analyst,"Create, analyze, and optimize marketing campaigns and brand engagement."
Budget Analyst,"Analyze financial data, manage accounting records, and support strategic decision-making."
Event Coordinator,"Ensure customer satisfaction in service environments, manage events, and oversee guest services."
Full Stack Developer,"Develop, test, and maintain software applications, systems, and data solutions."
Academic Advisor,"Deliver educational content, guide students, and support academic institutions."
Actuary,"Analyze financial data, manage accounting records, and support strategic decision-making."
Backend Developer,"Develop, test, and maintain software applications, systems, and data solutions."
Academic Advisor,"Deliver educational content, guide students, and support academic institutions."
Content Writer,"Create, analyze, and optimize marketing campaigns and brand engagement."
Dentist,"Provide healthcare services, manage patient treatment, and maintain medical records."
Medical Assistant,"Provide healthcare services, manage patient treatment, and maintain medical records."
Email Marketing Specialist,"Create, analyze, and optimize marketing campaigns and brand engagement."
Data Analyst,"Develop, test, and maintain software applications, systems, and data solutions."
Risk Manager,"Analyze financial data, manage accounting records, and support strategic decision-making."
Dean,"Deliver educational content, guide students, and support academic institutions."
Python Developer,"Develop, test, and maintain software applications, systems, and data solutions."
Travel Agent,"Ensure customer satisfaction in service environments, manage events, and oversee guest services."
Radiologist,"Provide healthcare services, manage patient treatment, and maintain medical records."
Tutor,"Deliver educational content, guide students, and support academic institutions."
Cybersecurity Analyst,"Develop, test, and maintain software applications, systems, and data solutions."
Financial Analyst,"Analyze financial data, manage accounting records, and support strategic decision-making."
Digital Marketer,"Create, analyze, and optimize marketing campaigns and brand engagement."
Pharmacist,"Provide healthcare services, manage patient treatment, and maintain medical records."
Receptionist,"Ensure customer satisfaction in service environments, manage events, and oversee guest services."
Backend Developer,"Develop, test, and maintain software applications, systems, and data solutions."
Email Marketing Specialist,"Create, analyze, and optimize marketing campaigns and brand engagement."
Teacher,"Deliver educational content, guide students, and support academic institutions."
Radiologist,"Provide healthcare services, manage patient treatment, and maintain medical records."
Copywriter,"Create, analyze, and optimize marketing campaigns and brand engagement."
Budget Analyst,"Analyze financial data, manage accounting records, and support strategic decision-making."
Chef,"Ensure customer satisfaction in service environments, manage events, and oversee guest services."
Researcher,"Deliver educational content, guide students, and support academic institutions."
Social Media Manager,"Create, analyze, and optimize marketing campaigns and brand engagement."
Physician,"Provide healthcare services, manage patient treatment, and maintain medical records."
Investment Banker,"Analyze financial data, manage accounting records, and support strategic decision-making."
Principal,"Deliver educational content, guide students, and support academic institutions."
Affiliate Manager,"Create, analyze, and optimize marketing campaigns and brand engagement."
Python Developer,"Develop, test, and maintain software applications, systems, and data solutions."
Digital Marketer,"Create, analyze, and optimize marketing campaigns and brand engagement."
ML Engineer,"Develop, test, and maintain software applications, systems, and data solutions."
Accountant,"Analyze financial data, manage accounting records, and support strategic decision-making."
Social Media Manager,"Create, analyze, and optimize marketing campaigns and brand engagement."
Researcher,"Deliver educational content, guide students, and support academic institutions."
SEO Specialist,"Create, analyze, and optimize marketing campaigns and brand engagement."
Travel Agent,"Ensure customer satisfaction in service environments, manage events, and oversee guest services."
Professor,"Deliver educational content, guide students, and support academic institutions."
Housekeeper,"Ensure customer satisfaction in service environments, manage events, and oversee guest services."
SEO Specialist,"Create, analyze, and optimize marketing campaigns and brand engagement."
Instructional Designer,"Deliver educational content, guide students, and support academic institutions."
Instructional Designer,"Deliver educational content, guide students, and support academic institutions."
Travel Agent,"Ensure customer satisfaction in service environments, manage events, and oversee guest services."
Marketing Analyst,"Create, analyze, and optimize marketing campaigns and brand engagement."
Travel Agent,"Ensure customer satisfaction in service environments, manage events, and oversee guest services."
DevOps Engineer,"Develop, test, and maintain software applications, systems, and data solutions."
Social Media Manager,"Create, analyze, and optimize marketing campaigns and brand engagement."
Sous Chef,"Ensure customer satisfaction in service environments, manage events, and oversee guest services."
Tax Consultant,"Analyze financial data, manage accounting records, and support strategic decision-making."
Affiliate Manager,"Create, analyze, and optimize marketing campaigns and brand engagement."
DevOps Engineer,"Develop, test, and maintain software applications, systems, and data solutions."
Physiotherapist,"Provide healthcare services, manage patient treatment, and maintain medical records."
Tutor,"Deliver educational content, guide students, and support academic institutions."
Email Marketing Specialist,"Create, analyze, and optimize marketing campaigns and brand engagement."
Researcher,"Deliver educational content, guide students, and support academic institutions."
Dentist,"Provide healthcare services, manage patient treatment, and maintain medical records."
Teacher,"Deliver educational content, guide students, and support academic institutions."
Catering Manager,"Ensure customer satisfaction in service environments, manage events, and oversee guest services."
Surgeon,"Provide healthcare services, manage patient treatment, and maintain medical records."
Risk Manager,"Analyze financial data, manage accounting records, and support strategic decision-making."
Backend Developer,"Develop, test, and maintain software applications, systems, and data solutions."
Marketing Analyst,"Create, analyze, and optimize marketing campaigns and brand engagement."
Radiologist,"Provide healthcare services, manage patient treatment, and maintain medical records."
ML Engineer,"Develop, test, and maintain software applications, systems, and data solutions."
Affiliate Manager,"Create, analyze, and optimize marketing campaigns and brand engagement."
Radiologist,"Provide healthcare services, manage patient treatment, and maintain medical records."
Teacher,"Deliver educational content, guide students, and support academic institutions."
Lab Technician,"Provide healthcare services, manage patient treatment, and maintain medical records."
Hotel Manager,"Ensure customer satisfaction in service environments, manage events, and oversee guest services."
Researcher,"Deliver educational content, guide students, and support academic institutions."
Lab Technician,"Provide healthcare services, manage patient treatment, and maintain medical records."
Surgeon,"Provide healthcare services, manage patient treatment, and maintain medical records."
Copywriter,"Create, analyze, and optimize marketing campaigns and brand engagement."
Data Analyst,"Develop, test, and maintain software applications, systems, and data solutions."
Chef,"Ensure customer satisfaction in service environments, manage events, and oversee guest services."
Professor,"Deliver educational content, guide students, and support academic institutions."
Brand Manager,"Create, analyze, and optimize marketing campaigns and brand engagement."
DevOps Engineer,"Develop, test, and maintain software applications, systems, and data solutions."
Medical Assistant,"Provide healthcare services, manage patient treatment, and maintain medical records."
Data Analyst,"Develop, test, and maintain software applications, systems, and data solutions."
Bartender,"Ensure customer satisfaction in service environments, manage events, and oversee guest services."
Social Media Manager,"Create, analyze, and optimize marketing campaigns and brand engagement."
Principal,"Deliver educational content, guide students, and support academic institutions."
Risk Manager,"Analyze financial data, manage accounting records, and support strategic decision-making."
Paramedic,"Provide healthcare services, manage patient treatment, and maintain medical records."
Professor,"Deliver educational content, guide students, and support academic institutions."
Principal,"Deliver educational content, guide students, and support academic institutions."
Tax Consultant,"Analyze financial data, manage accounting records, and support strategic decision-making."
Auditor,"Analyze financial data, manage accounting records, and support strategic decision-making."
PR Manager,"Create, analyze, and optimize marketing campaigns and brand engagement."
Dentist,"Provide healthcare services, manage patient treatment, and maintain medical records."
Backend Developer,"Develop, test, and maintain software applications, systems, and data solutions."
Brand Manager,"Create, analyze, and optimize marketing campaigns and brand engagement."
Tutor,"Deliver educational content, guide students, and support academic institutions."
Finance Manager,"Analyze financial data, manage accounting records, and support strategic decision-making."
Social Media Manager,"Create, analyze, and optimize marketing campaigns and brand engagement."
Affiliate Manager,"Create, analyze, and optimize marketing campaigns and brand engagement."
Affiliate Manager,"Create, analyze, and optimize marketing campaigns and brand engagement."
Investment Banker,"Analyze financial data, manage accounting records, and support strategic decision-making."
Event Coordinator,"Ensure customer satisfaction in service environments, manage events, and oversee guest services."
Radiologist,"Provide healthcare services, manage patient treatment, and maintain medical records."
Hotel Manager,"Ensure customer satisfaction in service environments, manage events, and oversee guest services."
Medical Assistant,"Provide healthcare services, manage patient treatment, and maintain medical records."
Tax Consultant,"Analyze financial data, manage accounting records, and support strategic decision-making."
Investment Banker,"Analyze financial data, manage accounting records, and support strategic decision-making."
Email Marketing Specialist,"Create, analyze, and optimize marketing campaigns and brand engagement."
Copywriter,"Create, analyze, and optimize marketing campaigns and brand engagement."
Researcher,"Deliver educational content, guide students, and support academic institutions."
Physiotherapist,"Provide healthcare services, manage patient treatment, and maintain medical records."
UI/UX Designer,"Develop, test, and maintain software applications, systems, and data solutions."
Catering Manager,"Ensure customer satisfaction in service environments, manage events, and oversee guest services."
Cybersecurity Analyst,"Develop, test, and maintain software applications, systems, and data solutions."
SEO Specialist,"Create, analyze, and optimize marketing campaigns and brand engagement."
Social Media Manager,"Create, analyze, and optimize marketing campaigns and brand engagement."
Backend Developer,"Develop, test, and maintain software applications, systems, and data solutions."
Finance Manager,"Analyze financial data, manage accounting records, and support strategic decision-making."
ML Engineer,"Develop, test, and maintain software applications, systems, and data solutions."
Dentist,"Provide healthcare services, manage patient treatment, and maintain medical records."
Auditor,"Analyze financial data, manage accounting records, and support strategic decision-making."
Financial Analyst,"Analyze financial data, manage accounting records, and support strategic decision-making."
Concierge,"Ensure customer satisfaction in service environments, manage events, and oversee guest services."
Nurse,"Provide healthcare services, manage patient treatment, and maintain medical records."
Researcher,"Deliver educational content, guide students, and support academic institutions."
Affiliate Manager,"Create, analyze, and optimize marketing campaigns and brand engagement."
Frontend Developer,"Develop, test, and maintain software applications, systems, and data solutions."
Teacher,"Deliver educational content, guide students, and support academic institutions."
Copywriter,"Create, analyze, and optimize marketing campaigns and brand engagement."
Nurse,"Provide healthcare services, manage patient treatment, and maintain medical records."
Sous Chef,"Ensure customer satisfaction in service environments, manage events, and oversee guest services."
Affiliate Manager,"Create, analyze, and optimize marketing campaigns and brand engagement."
Dentist,"Provide healthcare services, manage patient treatment, and maintain medical records."
Cybersecurity Analyst,"Develop, test, and maintain software applications, systems, and data solutions."
Principal,"Deliver educational content, guide students, and support academic institutions."
Sous Chef,"Ensure customer satisfaction in service environments, manage events, and oversee guest services."
Backend Developer,"Develop, test, and maintain software applications, systems, and data solutions."
SEO Specialist,"Create, analyze, and optimize marketing campaigns and brand engagement."
Professor,"Deliver educational content, guide students, and support academic institutions."
Backend Developer,"Develop, test, and maintain software applications, systems, and data solutions."
Bartender,"Ensure customer satisfaction in service environments, manage events, and oversee guest services."
Researcher,"Deliver educational content, guide students, and support academic institutions."
Librarian,"Deliver educational content, guide students, and support academic institutions."
Digital Marketer,"Create, analyze, and optimize marketing campaigns and brand engagement."
Curriculum Developer,"Deliver educational content, guide students, and support academic institutions."
Email Marketing Specialist,"Create, analyze, and optimize marketing campaigns and brand engagement."
Investment Banker,"Analyze financial data, manage accounting records, and support strategic decision-making."
Financial Analyst,"Analyze financial data, manage accounting records, and support strategic decision-making."
Lab Technician,"Provide healthcare services, manage patient treatment, and maintain medical records."
Principal,"Deliver educational content, guide students, and support academic institutions."
Travel Agent,"Ensure customer satisfaction in service environments, manage events, and oversee guest services."
Nurse,"Provide healthcare services, manage patient treatment, and maintain medical records."
Affiliate Manager,"Create, analyze, and optimize marketing campaigns and brand engagement."
Catering Manager,"Ensure customer satisfaction in service environments, manage events, and oversee guest services."
UI/UX Designer,"Develop, test, and maintain software applications, systems, and data solutions."
Catering Manager,"Ensure customer satisfaction in service environments, manage events, and oversee guest services."
Medical Assistant,"Provide healthcare services, manage patient treatment, and maintain medical records."
Curriculum Developer,"Deliver educational content, guide students, and support academic institutions."
Nurse,"Provide healthcare services, manage patient treatment, and maintain medical records."
Receptionist,"Ensure customer satisfaction in service environments, manage events, and oversee guest services."
UI/UX Designer,"Develop, test, and maintain software applications, systems, and data solutions."
Data Scientist,"Develop, test, and maintain software applications, systems, and data solutions."
Python Developer,"Develop, test, and maintain software applications, systems, and data solutions."
UI/UX Designer,"Develop, test, and maintain software applications, systems, and data solutions."
Frontend Developer,"Develop, test, and maintain software applications, systems, and data solutions."
Bartender,"Ensure customer satisfaction in service environments, manage events, and oversee guest services."
SEO Specialist,"Create, analyze, and optimize marketing campaigns and brand engagement."
Academic Advisor,"Deliver educational content, guide students, and support academic institutions."
Brand Manager,"Create, analyze, and optimize marketing campaigns and brand engagement."
Curriculum Developer,"Deliver educational content, guide students, and support academic institutions."
Event Coordinator,"Ensure customer satisfaction in service environments, manage events, and oversee guest services."
Librarian,"Deliver educational content, guide students, and support academic institutions."
Finance Manager,"Analyze financial data, manage accounting records, and support strategic decision-making."
Social Media Manager,"Create, analyze, and optimize marketing campaigns and brand engagement."
Dentist,"Provide healthcare services, manage patient treatment, and maintain medical records."
Python Developer,"Develop, test, and maintain software applications, systems, and data solutions."
Affiliate Manager,"Create, analyze, and optimize marketing campaigns and brand engagement."
Concierge,"Ensure customer satisfaction in service environments, manage events, and oversee guest services."
Hotel Manager,"Ensure customer satisfaction in service environments, manage events, and oversee guest services."
Backend Developer,"Develop, test, and maintain software applications, systems, and data solutions."
Affiliate Manager,"Create, analyze, and optimize marketing campaigns and brand engagement."
Copywriter,"Create, analyze, and optimize marketing campaigns and brand engagement."
Receptionist,"Ensure customer satisfaction in service environments, manage events, and oversee guest services."
UI/UX Designer,"Develop, test, and maintain software applications, systems, and data solutions."
Bartender,"Ensure customer satisfaction in service environments, manage events, and oversee guest services."
Dean,"Deliver educational content, guide students, and support academic institutions."
Librarian,"Deliver educational content, guide students, and support academic institutions."
Budget Analyst,"Analyze financial data, manage accounting records, and support strategic decision-making."
Backend Developer,"Develop, test, and maintain software applications, systems, and data solutions."
Tutor,"Deliver educational content, guide students, and support academic institutions."
Cybersecurity Analyst,"Develop, test, and maintain software applications, systems, and data solutions."
Pharmacist,"Provide healthcare services, manage patient treatment, and maintain medical records."
ML Engineer,"Develop, test, and maintain software applications, systems, and data solutions."
Surgeon,"Provide healthcare services, manage patient treatment, and maintain medical records."
Teacher,"Deliver educational content, guide students, and support academic institutions."
Content Writer,"Create, analyze, and optimize marketing campaigns and brand engagement."
Data Analyst,"Develop, test, and maintain software applications, systems, and data solutions."
Sous Chef,"Ensure customer satisfaction in service environments, manage events, and oversee guest services."
Radiologist,"Provide healthcare services, manage patient treatment, and maintain medical records."
Radiologist,"Provide healthcare services, manage patient treatment, and maintain medical records."
Physiotherapist,"Provide healthcare services, manage patient treatment, and maintain medical records."
Physiotherapist,"Provide healthcare services, manage patient treatment, and maintain medical records."
Curriculum Developer,"Deliver educational content, guide students, and support academic institutions."
ML Engineer,"Develop, test, and maintain software applications, systems, and data solutions."
Librarian,"Deliver educational content, guide students, and support academic institutions."
Data Analyst,"Develop, test, and maintain software applications, systems, and data solutions."
Finance Manager,"Analyze financial data, manage accounting records, and support strategic decision-making."
UI/UX Designer,"Develop, test, and maintain software applications, systems, and data solutions."
Professor,"Deliver educational content, guide students, and support academic institutions."
PR Manager,"Create, analyze, and optimize marketing campaigns and brand engagement."
Tutor,"Deliver educational content, guide students, and support academic institutions."
Frontend Developer,"Develop, test, and maintain software applications, systems, and data solutions."
Marketing Analyst,"Create, analyze, and optimize marketing campaigns and brand engagement."
Investment Banker,"Analyze financial data, manage accounting records, and support strategic decision-making."
PR Manager,"Create, analyze, and optimize marketing campaigns and brand engagement."
Financial Analyst,"Analyze financial data, manage accounting records, and support strategic decision-making."
Budget Analyst,"Analyze financial data, manage accounting records, and support strategic decision-making."
Nurse,"Provide healthcare services, manage patient treatment, and maintain medical records."
Marketing Analyst,"Create, analyze, and optimize marketing campaigns and brand engagement."
Principal,"Deliver educational content, guide students, and support academic institutions."
Academic Advisor,"Deliver educational content, guide students, and support academic institutions."
Paramedic,"Provide healthcare services, manage patient treatment, and maintain medical records."
Data Analyst,"Develop, test, and maintain software applications, systems, and data solutions."
Professor,"Deliver educational content, guide students, and support academic institutions."
UI/UX Designer,"Develop, test, and maintain software applications, systems, and data solutions."
Instructional Designer,"Deliver educational content, guide students, and support academic institutions."
Affiliate Manager,"Create, analyze, and optimize marketing campaigns and brand engagement."
Lab Technician,"Provide healthcare services, manage patient treatment, and maintain medical records."
Frontend Developer,"Develop, test, and maintain software applications, systems, and data solutions."
Event Coordinator,"Ensure customer satisfaction in service environments, manage events, and oversee guest services."
Cybersecurity Analyst,"Develop, test, and maintain software applications, systems, and data solutions."
Physician,"Provide healthcare services, manage patient treatment, and maintain medical records."
Physiotherapist,"Provide healthcare services, manage patient treatment, and maintain medical records."
DevOps Engineer,"Develop, test, and maintain software applications, systems, and data solutions."
Sous Chef,"Ensure customer satisfaction in service environments, manage events, and oversee guest services."
Marketing Analyst,"Create, analyze, and optimize marketing campaigns and brand engagement."
Event Coordinator,"Ensure customer satisfaction in service environments, manage events, and oversee guest services."
Full Stack Developer,"Develop, test, and maintain software applications, systems, and data solutions."
Event Coordinator,"Ensure customer satisfaction in service environments, manage events, and oversee guest services."
Dean,"Deliver educational content, guide students, and support academic institutions."
Receptionist,"Ensure customer satisfaction in service environments, manage events, and oversee guest services."
Budget Analyst,"Analyze financial data, manage accounting records, and support strategic decision-making."
Chef,"Ensure customer satisfaction in service environments, manage events, and oversee guest services."
Paramedic,"Provide healthcare services, manage patient treatment, and maintain medical records."
Risk Manager,"Analyze financial data, manage accounting records, and support strategic decision-making."
Social Media Manager,"Create, analyze, and optimize marketing campaigns and brand engagement."
Dentist,"Provide healthcare services, manage patient treatment, and maintain medical records."
Affiliate Manager,"Create, analyze, and optimize marketing campaigns and brand engagement."
Finance Manager,"Analyze financial data, manage accounting records, and support strategic decision-making."
Librarian,"Deliver educational content, guide students, and support academic institutions."
Pharmacist,"Provide healthcare services, manage patient treatment, and maintain medical records."
SEO Specialist,"Create, analyze, and optimize marketing campaigns and brand engagement."
Curriculum Developer,"Deliver educational content, guide students, and support academic institutions."
Data Scientist,"Develop, test, and maintain software applications, systems, and data solutions."
Dean,"Deliver educational content, guide students, and support academic institutions."
Medical Assistant,"Provide healthcare services, manage patient treatment, and maintain medical records."
SEO Specialist,"Create, analyze, and optimize marketing campaigns and brand engagement."
Medical Assistant,"Provide healthcare services, manage patient treatment, and maintain medical records."
Affiliate Manager,"Create, analyze, and optimize marketing campaigns and brand engagement."
Actuary,"Analyze financial data, manage accounting records, and support strategic decision-making."
Professor,"Deliver educational content, guide students, and support academic institutions."
Librarian,"Deliver educational content, guide students, and support academic institutions."
Dentist,"Provide healthcare services, manage patient treatment, and maintain medical records."
Academic Advisor,"Deliver educational content, guide students, and support academic institutions."
UI/UX Designer,"Develop, test, and maintain software applications, systems, and data solutions."
Credit Analyst,"Analyze financial data, manage accounting records, and support strategic decision-making."
DevOps Engineer,"Develop, test, and maintain software applications, systems, and data solutions."
Teacher,"Deliver educational content, guide students, and support academic institutions."
Marketing Analyst,"Create, analyze, and optimize marketing campaigns and brand engagement."
Nurse,"Provide healthcare services, manage patient treatment, and maintain medical records."
Budget Analyst,"Analyze financial data, manage accounting records, and support strategic decision-making."
Librarian,"Deliver educational content, guide students, and support academic institutions."
Digital Marketer,"Create, analyze, and optimize marketing campaigns and brand engagement."
Catering Manager,"Ensure customer satisfaction in service environments, manage events, and oversee guest services."
Social Media Manager,"Create, analyze, and optimize marketing campaigns and brand engagement."
Frontend Developer,"Develop, test, and maintain software applications, systems, and data solutions."
Pharmacist,"Provide healthcare services, manage patient treatment, and maintain medical records."
UI/UX Designer,"Develop, test, and maintain software applications, systems, and data solutions."
Principal,"Deliver educational content, guide students, and support academic institutions."
Travel Agent,"Ensure customer satisfaction in service environments, manage events, and oversee guest services."
Concierge,"Ensure customer satisfaction in service environments, manage events, and oversee guest services."
Backend Developer,"Develop, test, and maintain software applications, systems, and data solutions."
Dean,"Deliver educational content, guide students, and support academic institutions."
Financial Analyst,"Analyze financial data, manage accounting records, and support strategic decision-making."
Event Coordinator,"Ensure customer satisfaction in service environments, manage events, and oversee guest services."
Frontend Developer,"Develop, test, and maintain software applications, systems, and data solutions."
Cybersecurity Analyst,"Develop, test, and maintain software applications, systems, and data solutions."
Python Developer,"Develop, test, and maintain software applications, systems, and data solutions."
Sous Chef,"Ensure customer satisfaction in service environments, manage events, and oversee guest services."
Brand Manager,"Create, analyze, and optimize marketing campaigns and brand engagement."
Surgeon,"Provide healthcare services, manage patient treatment, and maintain medical records."
Lab Technician,"Provide healthcare services, manage patient treatment, and maintain medical records."
Tutor,"Deliver educational content, guide students, and support academic institutions."
Brand Manager,"Create, analyze, and optimize marketing campaigns and brand engagement."
Full Stack Developer,"Develop, test, and maintain software applications, systems, and data solutions."
Concierge,"Ensure customer satisfaction in service environments, manage events, and oversee guest services."
Investment Banker,"Analyze financial data, manage accounting records, and support strategic decision-making."
Event Coordinator,"Ensure customer satisfaction in service environments, manage events, and oversee guest services."
Paramedic,"Provide healthcare services, manage patient treatment, and maintain medical records."
SEO Specialist,"Create, analyze, and optimize marketing campaigns and brand engagement."
Pharmacist,"Provide healthcare services, manage patient treatment, and maintain medical records."
Medical Assistant,"Provide healthcare services, manage patient treatment, and maintain medical records."
Finance Manager,"Analyze financial data, manage accounting records, and support strategic decision-making."
Professor,"Deliver educational content, guide students, and support academic institutions."
ML Engineer,"Develop, test, and maintain software applications, systems, and data solutions."
Concierge,"Ensure customer satisfaction in service environments, manage events, and oversee guest services."
Receptionist,"Ensure customer satisfaction in service environments, manage events, and oversee guest services."
Lab Technician,"Provide healthcare services, manage patient treatment, and maintain medical records."
Budget Analyst,"Analyze financial data, manage accounting records, and support strategic decision-making."
Accountant,"Analyze financial data, manage accounting records, and support strategic decision-making."
Risk Manager,"Analyze financial data, manage accounting records, and support strategic decision-making."
Digital Marketer,"Create, analyze, and optimize marketing campaigns and brand engagement."
Curriculum Developer,"Deliver educational content, guide students, and support academic institutions."
Digital Marketer,"Create, analyze, and optimize marketing campaigns and brand engagement."
ML Engineer,"Develop, test, and maintain software applications, systems, and data solutions."
Researcher,"Deliver educational content, guide students, and support academic institutions."
Content Writer,"Create, analyze, and optimize marketing campaigns and brand engagement."
Event Coordinator,"Ensure customer satisfaction in service environments, manage events, and oversee guest services."
Auditor,"Analyze financial data, manage accounting records, and support strategic decision-making."
Financial Analyst,"Analyze financial data, manage accounting records, and support strategic decision-making."
Physiotherapist,"Provide healthcare services, manage patient treatment, and maintain medical records."
Dean,"Deliver educational content, guide students, and support academic institutions."
Chef,"Ensure customer satisfaction in service environments, manage events, and oversee guest services."
Housekeeper,"Ensure customer satisfaction in service environments, manage events, and oversee guest services."
Affiliate Manager,"Create, analyze, and optimize marketing campaigns and brand engagement."
Lab Technician,"Provide healthcare services, manage patient treatment, and maintain medical records."
Chef,"Ensure customer satisfaction in service environments, manage events, and oversee guest services."
Data Scientist,"Develop, test, and maintain software applications, systems, and data solutions."
Copywriter,"Create, analyze, and optimize marketing campaigns and brand engagement."
Tutor,"Deliver educational content, guide students, and support academic institutions."
Dean,"Deliver educational content, guide students, and support academic institutions."
Tutor,"Deliver educational content, guide students, and support academic institutions."
ML Engineer,"Develop, test, and maintain software applications, systems, and data solutions."
Credit Analyst,"Analyze financial data, manage accounting records, and support strategic decision-making."
Dean,"Deliver educational content, guide students, and support academic institutions."
Full Stack Developer,"Develop, test, and maintain software applications, systems, and data solutions."
Sous Chef,"Ensure customer satisfaction in service environments, manage events, and oversee guest services."
Full Stack Developer,"Develop, test, and maintain software applications, systems, and data solutions."
Affiliate Manager,"Create, analyze, and optimize marketing campaigns and brand engagement."
Paramedic,"Provide healthcare services, manage patient treatment, and maintain medical records."
Lab Technician,"Provide healthcare services, manage patient treatment, and maintain medical records."
Paramedic,"Provide healthcare services, manage patient treatment, and maintain medical records."
Social Media Manager,"Create, analyze, and optimize marketing campaigns and brand engagement."
Data Scientist,"Develop, test, and maintain software applications, systems, and data solutions."
Budget Analyst,"Analyze financial data, manage accounting records, and support strategic decision-making."
Credit Analyst,"Analyze financial data, manage accounting records, and support strategic decision-making."
Lab Technician,"Provide healthcare services, manage patient treatment, and maintain medical records."
PR Manager,"Create, analyze, and optimize marketing campaigns and brand engagement."
Teacher,"Deliver educational content, guide students, and support academic institutions."
Nurse,"Provide healthcare services, manage patient treatment, and maintain medical records."
Backend Developer,"Develop, test, and maintain software applications, systems, and data solutions."
Auditor,"Analyze financial data, manage accounting records, and support strategic decision-making."
Concierge,"Ensure customer satisfaction in service environments, manage events, and oversee guest services."
Digital Marketer,"Create, analyze, and optimize marketing campaigns and brand engagement."
Catering Manager,"Ensure customer satisfaction in service environments, manage events, and oversee guest services."
Principal,"Deliver educational content, guide students, and support academic institutions."
Researcher,"Deliver educational content, guide students, and support academic institutions."
Travel Agent,"Ensure customer satisfaction in service environments, manage events, and oversee guest services."
Radiologist,"Provide healthcare services, manage patient treatment, and maintain medical records."
Hotel Manager,"Ensure customer satisfaction in service environments, manage events, and oversee guest services."
Physiotherapist,"Provide healthcare services, manage patient treatment, and maintain medical records."
Backend Developer,"Develop, test, and maintain software applications, systems, and data solutions."
Travel Agent,"Ensure customer satisfaction in service environments, manage events, and oversee guest services."
Backend Developer,"Develop, test, and maintain software applications, systems, and data solutions."
Data Scientist,"Develop, test, and maintain software applications, systems, and data solutions."
Sous Chef,"Ensure customer satisfaction in service environments, manage events, and oversee guest services."
Frontend Developer,"Develop, test, and maintain software applications, systems, and data solutions."
Accountant,"Analyze financial data, manage accounting records, and support strategic decision-making."
Dentist,"Provide healthcare services, manage patient treatment, and maintain medical records."
Marketing Analyst,"Create, analyze, and optimize marketing campaigns and brand engagement."
UI/UX Designer,"Develop, test, and maintain software applications, systems, and data solutions."
Paramedic,"Provide healthcare services, manage patient treatment, and maintain medical records."
Auditor,"Analyze financial data, manage accounting records, and support strategic decision-making."
Finance Manager,"Analyze financial data, manage accounting records, and support strategic decision-making."
Digital Marketer,"Create, analyze, and optimize marketing campaigns and brand engagement."
Hotel Manager,"Ensure customer satisfaction in service environments, manage events, and oversee guest services."
Principal,"Deliver educational content, guide students, and support academic institutions."
Sous Chef,"Ensure customer satisfaction in service environments, manage events, and oversee guest services."
Risk Manager,"Analyze financial data, manage accounting records, and support strategic decision-making."
Physician,"Provide healthcare services, manage patient treatment, and maintain medical records."
Python Developer,"Develop, test, and maintain software applications, systems, and data solutions."
DevOps Engineer,"Develop, test, and maintain software applications, systems, and data solutions."
Event Coordinator,"Ensure customer satisfaction in service environments, manage events, and oversee guest services."
Frontend Developer,"Develop, test, and maintain software applications, systems, and data solutions."
Finance Manager,"Analyze financial data, manage accounting records, and support strategic decision-making."
Dean,"Deliver educational content, guide students, and support academic institutions."
Travel Agent,"Ensure customer satisfaction in service environments, manage events, and oversee guest services."
Receptionist,"Ensure customer satisfaction in service environments, manage events, and oversee guest services."
Python Developer,"Develop, test, and maintain software applications, systems, and data solutions."
Physiotherapist,"Provide healthcare services, manage patient treatment, and maintain medical records."
Investment Banker,"Analyze financial data, manage accounting records, and support strategic decision-making."
Investment Banker,"Analyze financial data, manage accounting records, and support strategic decision-making."
Principal,"Deliver educational content, guide students, and support academic institutions."
Curriculum Developer,"Deliver educational content, guide students, and support academic institutions."
Receptionist,"Ensure customer satisfaction in service environments, manage events, and oversee guest services."
Brand Manager,"Create, analyze, and optimize marketing campaigns and brand engagement."
Surgeon,"Provide healthcare services, manage patient treatment, and maintain medical records."
Concierge,"Ensure customer satisfaction in service environments, manage events, and oversee guest services."
Digital Marketer,"Create, analyze, and optimize marketing campaigns and brand engagement."
Credit Analyst,"Analyze financial data, manage accounting records, and support strategic decision-making."
Housekeeper,"Ensure customer satisfaction in service environments, manage events, and oversee guest services."
Paramedic,"Provide healthcare services, manage patient treatment, and maintain medical records."
Social Media Manager,"Create, analyze, and optimize marketing campaigns and brand engagement."
Receptionist,"Ensure customer satisfaction in service environments, manage events, and oversee guest services."
Surgeon,"Provide healthcare services, manage patient treatment, and maintain medical records."
Affiliate Manager,"Create, analyze, and optimize marketing campaigns and brand engagement."
Digital Marketer,"Create, analyze, and optimize marketing campaigns and brand engagement."
Bartender,"Ensure customer satisfaction in service environments, manage events, and oversee guest services."
Email Marketing Specialist,"Create, analyze, and optimize marketing campaigns and brand engagement."
Professor,"Deliver educational content, guide students, and support academic institutions."
Nurse,"Provide healthcare services, manage patient treatment, and maintain medical records."
Financial Analyst,"Analyze financial data, manage accounting records, and support strategic decision-making."
Python Developer,"Develop, test, and maintain software applications, systems, and data solutions."
Nurse,"Provide healthcare services, manage patient treatment, and maintain medical records."
Physician,"Provide healthcare services, manage patient treatment, and maintain medical records."
Pharmacist,"Provide healthcare services, manage patient treatment, and maintain medical records."
Tax Consultant,"Analyze financial data, manage accounting records, and support strategic decision-making."
Auditor,"Analyze financial data, manage accounting records, and support strategic decision-making."
Travel Agent,"Ensure customer satisfaction in service environments, manage events, and oversee guest services."
Credit Analyst,"Analyze financial data, manage accounting records, and support strategic decision-making."
Physician,"Provide healthcare services, manage patient treatment, and maintain medical records."
Paramedic,"Provide healthcare services, manage patient treatment, and maintain medical records."
Instructional Designer,"Deliver educational content, guide students, and support academic institutions."
Event Coordinator,"Ensure customer satisfaction in service environments, manage events, and oversee guest services."
Copywriter,"Create, analyze, and optimize marketing campaigns and brand engagement."
Backend Developer,"Develop, test, and maintain software applications, systems, and data solutions."
Risk Manager,"Analyze financial data, manage accounting records, and support strategic decision-making."
Receptionist,"Ensure customer satisfaction in service environments, manage events, and oversee guest services."
Data Scientist,"Develop, test, and maintain software applications, systems, and data solutions."
SEO Specialist,"Create, analyze, and optimize marketing campaigns and brand engagement."
Email Marketing Specialist,"Create, analyze, and optimize marketing campaigns and brand engagement."
Copywriter,"Create, analyze, and optimize marketing campaigns and brand engagement."
Brand Manager,"Create, analyze, and optimize marketing campaigns and brand engagement."
Housekeeper,"Ensure customer satisfaction in service environments, manage events, and oversee guest services."
Receptionist,"Ensure customer satisfaction in service environments, manage events, and oversee guest services."
Paramedic,"Provide healthcare services, manage patient treatment, and maintain medical records."
Data Analyst,"Develop, test, and maintain software applications, systems, and data solutions."
Bartender,"Ensure customer satisfaction in service environments, manage events, and oversee guest services."
Affiliate Manager,"Create, analyze, and optimize marketing campaigns and brand engagement."
Investment Banker,"Analyze financial data, manage accounting records, and support strategic decision-making."
Investment Banker,"Analyze financial data, manage accounting records, and support strategic decision-making."
DevOps Engineer,"Develop, test, and maintain software applications, systems, and data solutions."
Event Coordinator,"Ensure customer satisfaction in service environments, manage events, and oversee guest services."
SEO Specialist,"Create, analyze, and optimize marketing campaigns and brand engagement."
Accountant,"Analyze financial data, manage accounting records, and support strategic decision-making."
Investment Banker,"Analyze financial data, manage accounting records, and support strategic decision-making."
Affiliate Manager,"Create, analyze, and optimize marketing campaigns and brand engagement."
Principal,"Deliver educational content, guide students, and support academic institutions."
Catering Manager,"Ensure customer satisfaction in service environments, manage events, and oversee guest services."
Catering Manager,"Ensure customer satisfaction in service environments, manage events, and oversee guest services."
Social Media Manager,"Create, analyze, and optimize marketing campaigns and brand engagement."
Travel Agent,"Ensure customer satisfaction in service environments, manage events, and oversee guest services."
Hotel Manager,"Ensure customer satisfaction in service environments, manage events, and oversee guest services."
Catering Manager,"Ensure customer satisfaction in service environments, manage events, and oversee guest services."
Academic Advisor,"Deliver educational content, guide students, and support academic institutions."
Affiliate Manager,"Create, analyze, and optimize marketing campaigns and brand engagement."
Receptionist,"Ensure customer satisfaction in service environments, manage events, and oversee guest services."
Instructional Designer,"Deliver educational content, guide students, and support academic institutions."
Content Writer,"Create, analyze, and optimize marketing campaigns and brand engagement."
Catering Manager,"Ensure customer satisfaction in service environments, manage events, and oversee guest services."
Full Stack Developer,"Develop, test, and maintain software applications, systems, and data solutions."
Dentist,"Provide healthcare services, manage patient treatment, and maintain medical records."
Risk Manager,"Analyze financial data, manage accounting records, and support strategic decision-making."
Budget Analyst,"Analyze financial data, manage accounting records, and support strategic decision-making."
Copywriter,"Create, analyze, and optimize marketing campaigns and brand engagement."
Medical Assistant,"Provide healthcare services, manage patient treatment, and maintain medical records."
Physician,"Provide healthcare services, manage patient treatment, and maintain medical records."
Dentist,"Provide healthcare services, manage patient treatment, and maintain medical records."
Hotel Manager,"Ensure customer satisfaction in service environments, manage events, and oversee guest services."
Accountant,"Analyze financial data, manage accounting records, and support strategic decision-making."
Hotel Manager,"Ensure customer satisfaction in service environments, manage events, and oversee guest services."
Backend Developer,"Develop, test, and maintain software applications, systems, and data solutions."
Concierge,"Ensure customer satisfaction in service environments, manage events, and oversee guest services."
Frontend Developer,"Develop, test, and maintain software applications, systems, and data solutions."
Pharmacist,"Provide healthcare services, manage patient treatment, and maintain medical records."
Data Scientist,"Develop, test, and maintain software applications, systems, and data solutions."
Physiotherapist,"Provide healthcare services, manage patient treatment, and maintain medical records."
Receptionist,"Ensure customer satisfaction in service environments, manage events, and oversee guest services."
Tutor,"Deliver educational content, guide students, and support academic institutions."
Budget Analyst,"Analyze financial data, manage accounting records, and support strategic decision-making."
Content Writer,"Create, analyze, and optimize marketing campaigns and brand engagement."
Brand Manager,"Create, analyze, and optimize marketing campaigns and brand engagement."
Bartender,"Ensure customer satisfaction in service environments, manage events, and oversee guest services."
Researcher,"Deliver educational content, guide students, and support academic institutions."
Data Scientist,"Develop, test, and maintain software applications, systems, and data solutions."
Dentist,"Provide healthcare services, manage patient treatment, and maintain medical records."
UI/UX Designer,"Develop, test, and maintain software applications, systems, and data solutions."
Sous Chef,"Ensure customer satisfaction in service environments, manage events, and oversee guest services."
Radiologist,"Provide healthcare services, manage patient treatment, and maintain medical records."
Python Developer,"Develop, test, and maintain software applications, systems, and data solutions."
Cybersecurity Analyst,"Develop, test, and maintain software applications, systems, and data solutions."
Travel Agent,"Ensure customer satisfaction in service environments, manage events, and oversee guest services."
PR Manager,"Create, analyze, and optimize marketing campaigns and brand engagement."
Event Coordinator,"Ensure customer satisfaction in service environments, manage events, and oversee guest services."
Email Marketing Specialist,"Create, analyze, and optimize marketing campaigns and brand engagement."
Pharmacist,"Provide healthcare services, manage patient treatment, and maintain medical records."
Chef,"Ensure customer satisfaction in service environments, manage events, and oversee guest services."
DevOps Engineer,"Develop, test, and maintain software applications, systems, and data solutions."
Radiologist,"Provide healthcare services, manage patient treatment, and maintain medical records."
DevOps Engineer,"Develop, test, and maintain software applications, systems, and data solutions."
Medical Assistant,"Provide healthcare services, manage patient treatment, and maintain medical records."
Nurse,"Provide healthcare services, manage patient treatment, and maintain medical records."
Dentist,"Provide healthcare services, manage patient treatment, and maintain medical records."
Catering Manager,"Ensure customer satisfaction in service environments, manage events, and oversee guest services."
Lab Technician,"Provide healthcare services, manage patient treatment, and maintain medical records."
Teacher,"Deliver educational content, guide students, and support academic institutions."
Dean,"Deliver educational content, guide students, and support academic institutions."
Marketing Analyst,"Create, analyze, and optimize marketing campaigns and brand engagement."
Radiologist,"Provide healthcare services, manage patient treatment, and maintain medical records."
Medical Assistant,"Provide healthcare services, manage patient treatment, and maintain medical records."
Investment Banker,"Analyze financial data, manage accounting records, and support strategic decision-making."
Physician,"Provide healthcare services, manage patient treatment, and maintain medical records."
UI/UX Designer,"Develop, test, and maintain software applications, systems, and data solutions."
Python Developer,"Develop, test, and maintain software applications, systems, and data solutions."
Concierge,"Ensure customer satisfaction in service environments, manage events, and oversee guest services."
Financial Analyst,"Analyze financial data, manage accounting records, and support strategic decision-making."
PR Manager,"Create, analyze, and optimize marketing campaigns and brand engagement."
Investment Banker,"Analyze financial data, manage accounting records, and support strategic decision-making."
UI/UX Designer,"Develop, test, and maintain software applications, systems, and data solutions."
Curriculum Developer,"Deliver educational content, guide students, and support academic institutions."
Backend Developer,"Develop, test, and maintain software applications, systems, and data solutions."
Professor,"Deliver educational content, guide students, and support academic institutions."
Radiologist,"Provide healthcare services, manage patient treatment, and maintain medical records."
Email Marketing Specialist,"Create, analyze, and optimize marketing campaigns and brand engagement."
Principal,"Deliver educational content, guide students, and support academic institutions."
Brand Manager,"Create, analyze, and optimize marketing campaigns and brand engagement."
Email Marketing Specialist,"Create, analyze, and optimize marketing campaigns and brand engagement."
Academic Advisor,"Deliver educational content, guide students, and support academic institutions."
Budget Analyst,"Analyze financial data, manage accounting records, and support strategic decision-making."
Concierge,"Ensure customer satisfaction in service environments, manage events, and oversee guest services."
PR Manager,"Create, analyze, and optimize marketing campaigns and brand engagement."
Affiliate Manager,"Create, analyze, and optimize marketing campaigns and brand engagement."
Copywriter,"Create, analyze, and optimize marketing campaigns and brand engagement."
Principal,"Deliver educational content, guide students, and support academic institutions."
Event Coordinator,"Ensure customer satisfaction in service environments, manage events, and oversee guest services."
Principal,"Deliver educational content, guide students, and support academic institutions."
Cybersecurity Analyst,"Develop, test, and maintain software applications, systems, and data solutions."
Accountant,"Analyze financial data, manage accounting records, and support strategic decision-making."
Frontend Developer,"Develop, test, and maintain software applications, systems, and data solutions."
Data Analyst,"Develop, test, and maintain software applications, systems, and data solutions."
Event Coordinator,"Ensure customer satisfaction in service environments, manage events, and oversee guest services."
Data Analyst,"Develop, test, and maintain software applications, systems, and data solutions."
Accountant,"Analyze financial data, manage accounting records, and support strategic decision-making."
Data Analyst,"Develop, test, and maintain software applications, systems, and data solutions."
Tax Consultant,"Analyze financial data, manage accounting records, and support strategic decision-making."
Investment Banker,"Analyze financial data, manage accounting records, and support strategic decision-making."
Catering Manager,"Ensure customer satisfaction in service environments, manage events, and oversee guest services."
Bartender,"Ensure customer satisfaction in service environments, manage events, and oversee guest services."
Affiliate Manager,"Create, analyze, and optimize marketing campaigns and brand engagement."
Nurse,"Provide healthcare services, manage patient treatment, and maintain medical records."
ML Engineer,"Develop, test, and maintain software applications, systems, and data solutions."
Full Stack Developer,"Develop, test, and maintain software applications, systems, and data solutions."
Physiotherapist,"Provide healthcare services, manage patient treatment, and maintain medical records."
SEO Specialist,"Create, analyze, and optimize marketing campaigns and brand engagement."
Academic Advisor,"Deliver educational content, guide students, and support academic institutions."
Dentist,"Provide healthcare services, manage patient treatment, and maintain medical records."
Paramedic,"Provide healthcare services, manage patient treatment, and maintain medical records."
Academic Advisor,"Deliver educational content, guide students, and support academic institutions."
Bartender,"Ensure customer satisfaction in service environments, manage events, and oversee guest services."
Auditor,"Analyze financial data, manage accounting records, and support strategic decision-making."
Data Analyst,"Develop, test, and maintain software applications, systems, and data solutions."
Dentist,"Provide healthcare services, manage patient treatment, and maintain medical records."
Surgeon,"Provide healthcare services, manage patient treatment, and maintain medical records."
Physiotherapist,"Provide healthcare services, manage patient treatment, and maintain medical records."
Concierge,"Ensure customer satisfaction in service environments, manage events, and oversee guest services."
Python Developer,"Develop, test, and maintain software applications, systems, and data solutions."
Lab Technician,"Provide healthcare services, manage patient treatment, and maintain medical records."
UI/UX Designer,"Develop, test, and maintain software applications, systems, and data solutions."
Professor,"Deliver educational content, guide students, and support academic institutions."
Radiologist,"Provide healthcare services, manage patient treatment, and maintain medical records."
Bartender,"Ensure customer satisfaction in service environments, manage events, and oversee guest services."
Backend Developer,"Develop, test, and maintain software applications, systems, and data solutions."
Curriculum Developer,"Deliver educational content, guide students, and support academic institutions."
Investment Banker,"Analyze financial data, manage accounting records, and support strategic decision-making."
Dean,"Deliver educational content, guide students, and support academic institutions."
Nurse,"Provide healthcare services, manage patient treatment, and maintain medical records."
Academic Advisor,"Deliver educational content, guide students, and support academic institutions."
Financial Analyst,"Analyze financial data, manage accounting records, and support strategic decision-making."
Professor,"Deliver educational content, guide students, and support academic institutions."
UI/UX Designer,"Develop, test, and maintain software applications, systems, and data solutions."
Pharmacist,"Provide healthcare services, manage patient treatment, and maintain medical records."
PR Manager,"Create, analyze, and optimize marketing campaigns and brand engagement."
Tax Consultant,"Analyze financial data, manage accounting records, and support strategic decision-making."
Nurse,"Provide healthcare services, manage patient treatment, and maintain medical records."
Travel Agent,"Ensure customer satisfaction in service environments, manage events, and oversee guest services."
Researcher,"Deliver educational content, guide students, and support academic institutions."
